/* REGIONES */
INSERT INTO "regiones" ("id_region","region_nombre","region_ordinal") VALUES (1,'Arica y Parinacota','XV');
INSERT INTO "regiones" ("id_region","region_nombre","region_ordinal") VALUES (2,'Tarapacá','I');
INSERT INTO "regiones" ("id_region","region_nombre","region_ordinal") VALUES (3,'Antofagasta','II');
INSERT INTO "regiones" ("id_region","region_nombre","region_ordinal") VALUES (4,'Atacama','III');
INSERT INTO "regiones" ("id_region","region_nombre","region_ordinal") VALUES (5,'Coquimbo','IV');
INSERT INTO "regiones" ("id_region","region_nombre","region_ordinal") VALUES (6,'Valparaiso','V');
INSERT INTO "regiones" ("id_region","region_nombre","region_ordinal") VALUES (7,'Metropolitana de Santiago','RM');
INSERT INTO "regiones" ("id_region","region_nombre","region_ordinal") VALUES (8,'Libertador General Bernardo OHiggins','VI');
INSERT INTO "regiones" ("id_region","region_nombre","region_ordinal") VALUES (9,'Maule','VII');
INSERT INTO "regiones" ("id_region","region_nombre","region_ordinal") VALUES (10,'Biobío','VIII');
INSERT INTO "regiones" ("id_region","region_nombre","region_ordinal") VALUES (11,'La Araucanía','IX');
INSERT INTO "regiones" ("id_region","region_nombre","region_ordinal") VALUES (12,'Los Ríos','XIV');
INSERT INTO "regiones" ("id_region","region_nombre","region_ordinal") VALUES (13,'Los Lagos','X');
INSERT INTO "regiones" ("id_region","region_nombre","region_ordinal") VALUES (14,'Aisén del General Carlos Ibáñez del Campo','XI');
INSERT INTO "regiones" ("id_region","region_nombre","region_ordinal") VALUES (15,'Magallanes y de la Antártica Chilena','XII');


/* PROVINCIAS */
INSERT INTO "provincias" ("id_provincia","provincia_nombre","id_region") VALUES	(1,'Arica',1);
INSERT INTO "provincias" ("id_provincia","provincia_nombre","id_region") VALUES	(2,'Parinacota',1);
INSERT INTO "provincias" ("id_provincia","provincia_nombre","id_region") VALUES	(3,'Iquique',2);
INSERT INTO "provincias" ("id_provincia","provincia_nombre","id_region") VALUES	(4,'El Tamarugal',2);
INSERT INTO "provincias" ("id_provincia","provincia_nombre","id_region") VALUES	(5,'Antofagasta',3);
INSERT INTO "provincias" ("id_provincia","provincia_nombre","id_region") VALUES	(6,'El Loa',3);
INSERT INTO "provincias" ("id_provincia","provincia_nombre","id_region") VALUES	(7,'Tocopilla',3);
INSERT INTO "provincias" ("id_provincia","provincia_nombre","id_region") VALUES	(8,'Chañaral',4);
INSERT INTO "provincias" ("id_provincia","provincia_nombre","id_region") VALUES	(9,'Copiapó',4);
INSERT INTO "provincias" ("id_provincia","provincia_nombre","id_region") VALUES	(10,'Huasco',4);
INSERT INTO "provincias" ("id_provincia","provincia_nombre","id_region") VALUES	(11,'Choapa',5);
INSERT INTO "provincias" ("id_provincia","provincia_nombre","id_region") VALUES	(12,'Elqui',5);
INSERT INTO "provincias" ("id_provincia","provincia_nombre","id_region") VALUES	(13,'Limarí',5);
INSERT INTO "provincias" ("id_provincia","provincia_nombre","id_region") VALUES	(14,'Isla de Pascua',6);
INSERT INTO "provincias" ("id_provincia","provincia_nombre","id_region") VALUES	(15,'Los Andes',6);
INSERT INTO "provincias" ("id_provincia","provincia_nombre","id_region") VALUES	(16,'Petorca',6);
INSERT INTO "provincias" ("id_provincia","provincia_nombre","id_region") VALUES	(17,'Quillota',6);
INSERT INTO "provincias" ("id_provincia","provincia_nombre","id_region") VALUES	(18,'San Antonio',6);
INSERT INTO "provincias" ("id_provincia","provincia_nombre","id_region") VALUES	(19,'San Felipe de Aconcagua',6);
INSERT INTO "provincias" ("id_provincia","provincia_nombre","id_region") VALUES	(20,'Valparaiso',6);
INSERT INTO "provincias" ("id_provincia","provincia_nombre","id_region") VALUES	(21,'Chacabuco',7);
INSERT INTO "provincias" ("id_provincia","provincia_nombre","id_region") VALUES	(22,'Cordillera',7);
INSERT INTO "provincias" ("id_provincia","provincia_nombre","id_region") VALUES	(23,'Maipo',7);
INSERT INTO "provincias" ("id_provincia","provincia_nombre","id_region") VALUES	(24,'Melipilla',7);
INSERT INTO "provincias" ("id_provincia","provincia_nombre","id_region") VALUES	(25,'Santiago',7);
INSERT INTO "provincias" ("id_provincia","provincia_nombre","id_region") VALUES	(26,'Talagante',7);
INSERT INTO "provincias" ("id_provincia","provincia_nombre","id_region") VALUES	(27,'Cachapoal',8);
INSERT INTO "provincias" ("id_provincia","provincia_nombre","id_region") VALUES	(28,'Cardenal Caro',8);
INSERT INTO "provincias" ("id_provincia","provincia_nombre","id_region") VALUES	(29,'Colchagua',8);
INSERT INTO "provincias" ("id_provincia","provincia_nombre","id_region") VALUES	(30,'Cauquenes',9);
INSERT INTO "provincias" ("id_provincia","provincia_nombre","id_region") VALUES	(31,'Curicó',9);
INSERT INTO "provincias" ("id_provincia","provincia_nombre","id_region") VALUES	(32,'Linares',9);
INSERT INTO "provincias" ("id_provincia","provincia_nombre","id_region") VALUES	(33,'Talca',9);
INSERT INTO "provincias" ("id_provincia","provincia_nombre","id_region") VALUES	(34,'Arauco',10);
INSERT INTO "provincias" ("id_provincia","provincia_nombre","id_region") VALUES	(35,'Bio Bío',10);
INSERT INTO "provincias" ("id_provincia","provincia_nombre","id_region") VALUES	(36,'Concepción',10);
INSERT INTO "provincias" ("id_provincia","provincia_nombre","id_region") VALUES	(37,'Ñuble',10);
INSERT INTO "provincias" ("id_provincia","provincia_nombre","id_region") VALUES	(38,'Cautín',11);
INSERT INTO "provincias" ("id_provincia","provincia_nombre","id_region") VALUES	(39,'Malleco',11);
INSERT INTO "provincias" ("id_provincia","provincia_nombre","id_region") VALUES	(40,'Valdivia',12);
INSERT INTO "provincias" ("id_provincia","provincia_nombre","id_region") VALUES	(41,'Ranco',12);
INSERT INTO "provincias" ("id_provincia","provincia_nombre","id_region") VALUES	(42,'Chiloé',13);
INSERT INTO "provincias" ("id_provincia","provincia_nombre","id_region") VALUES	(43,'Llanquihue',13);
INSERT INTO "provincias" ("id_provincia","provincia_nombre","id_region") VALUES	(44,'Osorno',13);
INSERT INTO "provincias" ("id_provincia","provincia_nombre","id_region") VALUES	(45,'Palena',13);
INSERT INTO "provincias" ("id_provincia","provincia_nombre","id_region") VALUES	(46,'Aisén',14);
INSERT INTO "provincias" ("id_provincia","provincia_nombre","id_region") VALUES	(47,'Capitán Prat',14);
INSERT INTO "provincias" ("id_provincia","provincia_nombre","id_region") VALUES	(48,'Coihaique',14);
INSERT INTO "provincias" ("id_provincia","provincia_nombre","id_region") VALUES	(49,'General Carrera',14);
INSERT INTO "provincias" ("id_provincia","provincia_nombre","id_region") VALUES	(50,'Antártica Chilena',15);
INSERT INTO "provincias" ("id_provincia","provincia_nombre","id_region") VALUES	(51,'Magallanes',15);
INSERT INTO "provincias" ("id_provincia","provincia_nombre","id_region") VALUES	(52,'Tierra del Fuego',15);
INSERT INTO "provincias" ("id_provincia","provincia_nombre","id_region") VALUES	(53,'Última Esperanza',15);

/* COMUNAS */
INSERT INTO "comunas" ("id_comuna","comuna_nombre","id_provincia") VALUES (1,'Arica',1);
INSERT INTO "comunas" ("id_comuna","comuna_nombre","id_provincia") VALUES (2,'Camarones',1);
INSERT INTO "comunas" ("id_comuna","comuna_nombre","id_provincia") VALUES (3,'General Lagos',2);
INSERT INTO "comunas" ("id_comuna","comuna_nombre","id_provincia") VALUES (4,'Putre',2);
INSERT INTO "comunas" ("id_comuna","comuna_nombre","id_provincia") VALUES (5,'Alto Hospicio',3);
INSERT INTO "comunas" ("id_comuna","comuna_nombre","id_provincia") VALUES (6,'Iquique',3);
INSERT INTO "comunas" ("id_comuna","comuna_nombre","id_provincia") VALUES (7,'Camiña',4);
INSERT INTO "comunas" ("id_comuna","comuna_nombre","id_provincia") VALUES (8,'Colchane',4);
INSERT INTO "comunas" ("id_comuna","comuna_nombre","id_provincia") VALUES (9,'Huara',4);
INSERT INTO "comunas" ("id_comuna","comuna_nombre","id_provincia") VALUES (10,'Pica',4);
INSERT INTO "comunas" ("id_comuna","comuna_nombre","id_provincia") VALUES (11,'Pozo Almonte',4);
INSERT INTO "comunas" ("id_comuna","comuna_nombre","id_provincia") VALUES (12,'Antofagasta',5);
INSERT INTO "comunas" ("id_comuna","comuna_nombre","id_provincia") VALUES (13,'Mejillones',5);
INSERT INTO "comunas" ("id_comuna","comuna_nombre","id_provincia") VALUES (14,'Sierra Gorda',5);
INSERT INTO "comunas" ("id_comuna","comuna_nombre","id_provincia") VALUES (15,'Taltal',5);
INSERT INTO "comunas" ("id_comuna","comuna_nombre","id_provincia") VALUES (16,'Calama',6);
INSERT INTO "comunas" ("id_comuna","comuna_nombre","id_provincia") VALUES (17,'Ollague',6);
INSERT INTO "comunas" ("id_comuna","comuna_nombre","id_provincia") VALUES (18,'San Pedro de Atacama',6);
INSERT INTO "comunas" ("id_comuna","comuna_nombre","id_provincia") VALUES (19,'María Elena',7);
INSERT INTO "comunas" ("id_comuna","comuna_nombre","id_provincia") VALUES (20,'Tocopilla',7);
INSERT INTO "comunas" ("id_comuna","comuna_nombre","id_provincia") VALUES (21,'Chañaral',8);
INSERT INTO "comunas" ("id_comuna","comuna_nombre","id_provincia") VALUES (22,'Diego de Almagro',8);
INSERT INTO "comunas" ("id_comuna","comuna_nombre","id_provincia") VALUES (23,'Caldera',9);
INSERT INTO "comunas" ("id_comuna","comuna_nombre","id_provincia") VALUES (24,'Copiapó',9);
INSERT INTO "comunas" ("id_comuna","comuna_nombre","id_provincia") VALUES (25,'Tierra Amarilla',9);
INSERT INTO "comunas" ("id_comuna","comuna_nombre","id_provincia") VALUES (26,'Alto del Carmen',10);
INSERT INTO "comunas" ("id_comuna","comuna_nombre","id_provincia") VALUES (27,'Freirina',10);
INSERT INTO "comunas" ("id_comuna","comuna_nombre","id_provincia") VALUES (28,'Huasco',10);
INSERT INTO "comunas" ("id_comuna","comuna_nombre","id_provincia") VALUES (29,'Vallenar',10);
INSERT INTO "comunas" ("id_comuna","comuna_nombre","id_provincia") VALUES (30,'Canela',11);
INSERT INTO "comunas" ("id_comuna","comuna_nombre","id_provincia") VALUES (31,'Illapel',11);
INSERT INTO "comunas" ("id_comuna","comuna_nombre","id_provincia") VALUES (32,'Los Vilos',11);
INSERT INTO "comunas" ("id_comuna","comuna_nombre","id_provincia") VALUES (33,'Salamanca',11);
INSERT INTO "comunas" ("id_comuna","comuna_nombre","id_provincia") VALUES (34,'Andacollo',12);
INSERT INTO "comunas" ("id_comuna","comuna_nombre","id_provincia") VALUES (35,'Coquimbo',12);
INSERT INTO "comunas" ("id_comuna","comuna_nombre","id_provincia") VALUES (36,'La Higuera',12);
INSERT INTO "comunas" ("id_comuna","comuna_nombre","id_provincia") VALUES (37,'La Serena',12);
INSERT INTO "comunas" ("id_comuna","comuna_nombre","id_provincia") VALUES (38,'Paihuaco',12);
INSERT INTO "comunas" ("id_comuna","comuna_nombre","id_provincia") VALUES (39,'Vicuña',12);
INSERT INTO "comunas" ("id_comuna","comuna_nombre","id_provincia") VALUES (40,'Combarbalá',13);
INSERT INTO "comunas" ("id_comuna","comuna_nombre","id_provincia") VALUES (41,'Monte Patria',13);
INSERT INTO "comunas" ("id_comuna","comuna_nombre","id_provincia") VALUES (42,'Ovalle',13);
INSERT INTO "comunas" ("id_comuna","comuna_nombre","id_provincia") VALUES (43,'Punitaqui',13);
INSERT INTO "comunas" ("id_comuna","comuna_nombre","id_provincia") VALUES (44,'Río Hurtado',13);
INSERT INTO "comunas" ("id_comuna","comuna_nombre","id_provincia") VALUES (45,'Isla de Pascua',14);
INSERT INTO "comunas" ("id_comuna","comuna_nombre","id_provincia") VALUES (46,'Calle Larga',15);
INSERT INTO "comunas" ("id_comuna","comuna_nombre","id_provincia") VALUES (47,'Los Andes',15);
INSERT INTO "comunas" ("id_comuna","comuna_nombre","id_provincia") VALUES (48,'Rinconada',15);
INSERT INTO "comunas" ("id_comuna","comuna_nombre","id_provincia") VALUES (49,'San Esteban',15);
INSERT INTO "comunas" ("id_comuna","comuna_nombre","id_provincia") VALUES (50,'La Ligua',16);
INSERT INTO "comunas" ("id_comuna","comuna_nombre","id_provincia") VALUES (51,'Papudo',16);
INSERT INTO "comunas" ("id_comuna","comuna_nombre","id_provincia") VALUES (52,'Petorca',16);
INSERT INTO "comunas" ("id_comuna","comuna_nombre","id_provincia") VALUES (53,'Zapallar',16);
INSERT INTO "comunas" ("id_comuna","comuna_nombre","id_provincia") VALUES (54,'Hijuelas',17);
INSERT INTO "comunas" ("id_comuna","comuna_nombre","id_provincia") VALUES (55,'La Calera',17);
INSERT INTO "comunas" ("id_comuna","comuna_nombre","id_provincia") VALUES (56,'La Cruz',17);
INSERT INTO "comunas" ("id_comuna","comuna_nombre","id_provincia") VALUES (57,'Limache',17);
INSERT INTO "comunas" ("id_comuna","comuna_nombre","id_provincia") VALUES (58,'Nogales',17);
INSERT INTO "comunas" ("id_comuna","comuna_nombre","id_provincia") VALUES (59,'Olmué',17);
INSERT INTO "comunas" ("id_comuna","comuna_nombre","id_provincia") VALUES (60,'Quillota',17);
INSERT INTO "comunas" ("id_comuna","comuna_nombre","id_provincia") VALUES (61,'Algarrobo',18);
INSERT INTO "comunas" ("id_comuna","comuna_nombre","id_provincia") VALUES (62,'Cartagena',18);
INSERT INTO "comunas" ("id_comuna","comuna_nombre","id_provincia") VALUES (63,'El Quisco',18);
INSERT INTO "comunas" ("id_comuna","comuna_nombre","id_provincia") VALUES (64,'El Tabo',18);
INSERT INTO "comunas" ("id_comuna","comuna_nombre","id_provincia") VALUES (65,'San Antonio',18);
INSERT INTO "comunas" ("id_comuna","comuna_nombre","id_provincia") VALUES (66,'Santo Domingo',18);
INSERT INTO "comunas" ("id_comuna","comuna_nombre","id_provincia") VALUES (67,'Catemu',19);
INSERT INTO "comunas" ("id_comuna","comuna_nombre","id_provincia") VALUES (68,'Llaillay',19);
INSERT INTO "comunas" ("id_comuna","comuna_nombre","id_provincia") VALUES (69,'Panquehue',19);
INSERT INTO "comunas" ("id_comuna","comuna_nombre","id_provincia") VALUES (70,'Putaendo',19);
INSERT INTO "comunas" ("id_comuna","comuna_nombre","id_provincia") VALUES (71,'San Felipe',19);
INSERT INTO "comunas" ("id_comuna","comuna_nombre","id_provincia") VALUES (72,'Santa María',19);
INSERT INTO "comunas" ("id_comuna","comuna_nombre","id_provincia") VALUES (73,'Casablanca',20);
INSERT INTO "comunas" ("id_comuna","comuna_nombre","id_provincia") VALUES (74,'Concón',20);
INSERT INTO "comunas" ("id_comuna","comuna_nombre","id_provincia") VALUES (75,'Juan Fernández',20);
INSERT INTO "comunas" ("id_comuna","comuna_nombre","id_provincia") VALUES (76,'Puchuncaví',20);
INSERT INTO "comunas" ("id_comuna","comuna_nombre","id_provincia") VALUES (77,'Quilpué',20);
INSERT INTO "comunas" ("id_comuna","comuna_nombre","id_provincia") VALUES (78,'Quintero',20);
INSERT INTO "comunas" ("id_comuna","comuna_nombre","id_provincia") VALUES (79,'Valparaíso',20);
INSERT INTO "comunas" ("id_comuna","comuna_nombre","id_provincia") VALUES (80,'Villa Alemana',20);
INSERT INTO "comunas" ("id_comuna","comuna_nombre","id_provincia") VALUES (81,'Viña del Mar',20);
INSERT INTO "comunas" ("id_comuna","comuna_nombre","id_provincia") VALUES (82,'Colina',21);
INSERT INTO "comunas" ("id_comuna","comuna_nombre","id_provincia") VALUES (83,'Lampa',21);
INSERT INTO "comunas" ("id_comuna","comuna_nombre","id_provincia") VALUES (84,'Tiltil',21);
INSERT INTO "comunas" ("id_comuna","comuna_nombre","id_provincia") VALUES (85,'Pirque',22);
INSERT INTO "comunas" ("id_comuna","comuna_nombre","id_provincia") VALUES (86,'Puente Alto',22);
INSERT INTO "comunas" ("id_comuna","comuna_nombre","id_provincia") VALUES (87,'San José de Maipo',22);
INSERT INTO "comunas" ("id_comuna","comuna_nombre","id_provincia") VALUES (88,'Buin',23);
INSERT INTO "comunas" ("id_comuna","comuna_nombre","id_provincia") VALUES (89,'Calera de Tango',23);
INSERT INTO "comunas" ("id_comuna","comuna_nombre","id_provincia") VALUES (90,'Paine',23);
INSERT INTO "comunas" ("id_comuna","comuna_nombre","id_provincia") VALUES (91,'San Bernardo',23);
INSERT INTO "comunas" ("id_comuna","comuna_nombre","id_provincia") VALUES (92,'Alhué',24);
INSERT INTO "comunas" ("id_comuna","comuna_nombre","id_provincia") VALUES (93,'Curacaví',24);
INSERT INTO "comunas" ("id_comuna","comuna_nombre","id_provincia") VALUES (94,'María Pinto',24);
INSERT INTO "comunas" ("id_comuna","comuna_nombre","id_provincia") VALUES (95,'Melipilla',24);
INSERT INTO "comunas" ("id_comuna","comuna_nombre","id_provincia") VALUES (96,'San Pedro',24);
INSERT INTO "comunas" ("id_comuna","comuna_nombre","id_provincia") VALUES (97,'Cerrillos',25);
INSERT INTO "comunas" ("id_comuna","comuna_nombre","id_provincia") VALUES (98,'Cerro Navia',25);
INSERT INTO "comunas" ("id_comuna","comuna_nombre","id_provincia") VALUES (99,'Conchalí',25);
INSERT INTO "comunas" ("id_comuna","comuna_nombre","id_provincia") VALUES (100,'El Bosque',25);
INSERT INTO "comunas" ("id_comuna","comuna_nombre","id_provincia") VALUES (101,'Estación Central',25);
INSERT INTO "comunas" ("id_comuna","comuna_nombre","id_provincia") VALUES (102,'Huechuraba',25);
INSERT INTO "comunas" ("id_comuna","comuna_nombre","id_provincia") VALUES (103,'Independencia',25);
INSERT INTO "comunas" ("id_comuna","comuna_nombre","id_provincia") VALUES (104,'La Cisterna',25);
INSERT INTO "comunas" ("id_comuna","comuna_nombre","id_provincia") VALUES (105,'La Granja',25);
INSERT INTO "comunas" ("id_comuna","comuna_nombre","id_provincia") VALUES (106,'La Florida',25);
INSERT INTO "comunas" ("id_comuna","comuna_nombre","id_provincia") VALUES (107,'La Pintana',25);
INSERT INTO "comunas" ("id_comuna","comuna_nombre","id_provincia") VALUES (108,'La Reina',25);
INSERT INTO "comunas" ("id_comuna","comuna_nombre","id_provincia") VALUES (109,'Las Condes',25);
INSERT INTO "comunas" ("id_comuna","comuna_nombre","id_provincia") VALUES (110,'Lo Barnechea',25);
INSERT INTO "comunas" ("id_comuna","comuna_nombre","id_provincia") VALUES (111,'Lo Espejo',25);
INSERT INTO "comunas" ("id_comuna","comuna_nombre","id_provincia") VALUES (112,'Lo Prado',25);
INSERT INTO "comunas" ("id_comuna","comuna_nombre","id_provincia") VALUES (113,'Macul',25);
INSERT INTO "comunas" ("id_comuna","comuna_nombre","id_provincia") VALUES (114,'Maipú',25);
INSERT INTO "comunas" ("id_comuna","comuna_nombre","id_provincia") VALUES (115,'Ñuñoa',25);
INSERT INTO "comunas" ("id_comuna","comuna_nombre","id_provincia") VALUES (116,'Pedro Aguirre Cerda',25);
INSERT INTO "comunas" ("id_comuna","comuna_nombre","id_provincia") VALUES (117,'Peñalolén',25);
INSERT INTO "comunas" ("id_comuna","comuna_nombre","id_provincia") VALUES (118,'Providencia',25);
INSERT INTO "comunas" ("id_comuna","comuna_nombre","id_provincia") VALUES (119,'Pudahuel',25);
INSERT INTO "comunas" ("id_comuna","comuna_nombre","id_provincia") VALUES (120,'Quilicura',25);
INSERT INTO "comunas" ("id_comuna","comuna_nombre","id_provincia") VALUES (121,'Quinta Normal',25);
INSERT INTO "comunas" ("id_comuna","comuna_nombre","id_provincia") VALUES (122,'Recoleta',25);
INSERT INTO "comunas" ("id_comuna","comuna_nombre","id_provincia") VALUES (123,'Renca',25);
INSERT INTO "comunas" ("id_comuna","comuna_nombre","id_provincia") VALUES (124,'San Miguel',25);
INSERT INTO "comunas" ("id_comuna","comuna_nombre","id_provincia") VALUES (125,'San Joaquín',25);
INSERT INTO "comunas" ("id_comuna","comuna_nombre","id_provincia") VALUES (126,'San Ramón',25);
INSERT INTO "comunas" ("id_comuna","comuna_nombre","id_provincia") VALUES (127,'Santiago',25);
INSERT INTO "comunas" ("id_comuna","comuna_nombre","id_provincia") VALUES (128,'Vitacura',25);
INSERT INTO "comunas" ("id_comuna","comuna_nombre","id_provincia") VALUES (129,'El Monte',26);
INSERT INTO "comunas" ("id_comuna","comuna_nombre","id_provincia") VALUES (130,'Isla de Maipo',26);
INSERT INTO "comunas" ("id_comuna","comuna_nombre","id_provincia") VALUES (131,'Padre Hurtado',26);
INSERT INTO "comunas" ("id_comuna","comuna_nombre","id_provincia") VALUES (132,'Peñaflor',26);
INSERT INTO "comunas" ("id_comuna","comuna_nombre","id_provincia") VALUES (133,'Talagante',26);
INSERT INTO "comunas" ("id_comuna","comuna_nombre","id_provincia") VALUES (134,'Codegua',27);
INSERT INTO "comunas" ("id_comuna","comuna_nombre","id_provincia") VALUES (135,'Coínco',27);
INSERT INTO "comunas" ("id_comuna","comuna_nombre","id_provincia") VALUES (136,'Coltauco',27);
INSERT INTO "comunas" ("id_comuna","comuna_nombre","id_provincia") VALUES (137,'Doñihue',27);
INSERT INTO "comunas" ("id_comuna","comuna_nombre","id_provincia") VALUES (138,'Graneros',27);
INSERT INTO "comunas" ("id_comuna","comuna_nombre","id_provincia") VALUES (139,'Las Cabras',27);
INSERT INTO "comunas" ("id_comuna","comuna_nombre","id_provincia") VALUES (140,'Machalí',27);
INSERT INTO "comunas" ("id_comuna","comuna_nombre","id_provincia") VALUES (141,'Malloa',27);
INSERT INTO "comunas" ("id_comuna","comuna_nombre","id_provincia") VALUES (142,'Mostazal',27);
INSERT INTO "comunas" ("id_comuna","comuna_nombre","id_provincia") VALUES (143,'Olivar',27);
INSERT INTO "comunas" ("id_comuna","comuna_nombre","id_provincia") VALUES (144,'Peumo',27);
INSERT INTO "comunas" ("id_comuna","comuna_nombre","id_provincia") VALUES (145,'Pichidegua',27);
INSERT INTO "comunas" ("id_comuna","comuna_nombre","id_provincia") VALUES (146,'Quinta de Tilcoco',27);
INSERT INTO "comunas" ("id_comuna","comuna_nombre","id_provincia") VALUES (147,'Rancagua',27);
INSERT INTO "comunas" ("id_comuna","comuna_nombre","id_provincia") VALUES (148,'Rengo',27);
INSERT INTO "comunas" ("id_comuna","comuna_nombre","id_provincia") VALUES (149,'Requínoa',27);
INSERT INTO "comunas" ("id_comuna","comuna_nombre","id_provincia") VALUES (150,'San Vicente de Tagua Tagua',27);
INSERT INTO "comunas" ("id_comuna","comuna_nombre","id_provincia") VALUES (151,'La Estrella',28);
INSERT INTO "comunas" ("id_comuna","comuna_nombre","id_provincia") VALUES (152,'Litueche',28);
INSERT INTO "comunas" ("id_comuna","comuna_nombre","id_provincia") VALUES (153,'Marchihue',28);
INSERT INTO "comunas" ("id_comuna","comuna_nombre","id_provincia") VALUES (154,'Navidad',28);
INSERT INTO "comunas" ("id_comuna","comuna_nombre","id_provincia") VALUES (155,'Peredones',28);
INSERT INTO "comunas" ("id_comuna","comuna_nombre","id_provincia") VALUES (156,'Pichilemu',28);
INSERT INTO "comunas" ("id_comuna","comuna_nombre","id_provincia") VALUES (157,'Chépica',29);
INSERT INTO "comunas" ("id_comuna","comuna_nombre","id_provincia") VALUES (158,'Chimbarongo',29);
INSERT INTO "comunas" ("id_comuna","comuna_nombre","id_provincia") VALUES (159,'Lolol',29);
INSERT INTO "comunas" ("id_comuna","comuna_nombre","id_provincia") VALUES (160,'Nancagua',29);
INSERT INTO "comunas" ("id_comuna","comuna_nombre","id_provincia") VALUES (161,'Palmilla',29);
INSERT INTO "comunas" ("id_comuna","comuna_nombre","id_provincia") VALUES (162,'Peralillo',29);
INSERT INTO "comunas" ("id_comuna","comuna_nombre","id_provincia") VALUES (163,'Placilla',29);
INSERT INTO "comunas" ("id_comuna","comuna_nombre","id_provincia") VALUES (164,'Pumanque',29);
INSERT INTO "comunas" ("id_comuna","comuna_nombre","id_provincia") VALUES (165,'San Fernando',29);
INSERT INTO "comunas" ("id_comuna","comuna_nombre","id_provincia") VALUES (166,'Santa Cruz',29);
INSERT INTO "comunas" ("id_comuna","comuna_nombre","id_provincia") VALUES (167,'Cauquenes',30);
INSERT INTO "comunas" ("id_comuna","comuna_nombre","id_provincia") VALUES (168,'Chanco',30);
INSERT INTO "comunas" ("id_comuna","comuna_nombre","id_provincia") VALUES (169,'Pelluhue',30);
INSERT INTO "comunas" ("id_comuna","comuna_nombre","id_provincia") VALUES (170,'Curicó',31);
INSERT INTO "comunas" ("id_comuna","comuna_nombre","id_provincia") VALUES (171,'Hualañé',31);
INSERT INTO "comunas" ("id_comuna","comuna_nombre","id_provincia") VALUES (172,'Licantén',31);
INSERT INTO "comunas" ("id_comuna","comuna_nombre","id_provincia") VALUES (173,'Molina',31);
INSERT INTO "comunas" ("id_comuna","comuna_nombre","id_provincia") VALUES (174,'Rauco',31);
INSERT INTO "comunas" ("id_comuna","comuna_nombre","id_provincia") VALUES (175,'Romeral',31);
INSERT INTO "comunas" ("id_comuna","comuna_nombre","id_provincia") VALUES (176,'Sagrada Familia',31);
INSERT INTO "comunas" ("id_comuna","comuna_nombre","id_provincia") VALUES (177,'Teno',31);
INSERT INTO "comunas" ("id_comuna","comuna_nombre","id_provincia") VALUES (178,'Vichuquén',31);
INSERT INTO "comunas" ("id_comuna","comuna_nombre","id_provincia") VALUES (179,'Colbún',32);
INSERT INTO "comunas" ("id_comuna","comuna_nombre","id_provincia") VALUES (180,'Linares',32);
INSERT INTO "comunas" ("id_comuna","comuna_nombre","id_provincia") VALUES (181,'Longaví',32);
INSERT INTO "comunas" ("id_comuna","comuna_nombre","id_provincia") VALUES (182,'Parral',32);
INSERT INTO "comunas" ("id_comuna","comuna_nombre","id_provincia") VALUES (183,'Retiro',32);
INSERT INTO "comunas" ("id_comuna","comuna_nombre","id_provincia") VALUES (184,'San Javier',32);
INSERT INTO "comunas" ("id_comuna","comuna_nombre","id_provincia") VALUES (185,'Villa Alegre',32);
INSERT INTO "comunas" ("id_comuna","comuna_nombre","id_provincia") VALUES (186,'Yerbas Buenas',32);
INSERT INTO "comunas" ("id_comuna","comuna_nombre","id_provincia") VALUES (187,'Constitución',33);
INSERT INTO "comunas" ("id_comuna","comuna_nombre","id_provincia") VALUES (188,'Curepto',33);
INSERT INTO "comunas" ("id_comuna","comuna_nombre","id_provincia") VALUES (189,'Empedrado',33);
INSERT INTO "comunas" ("id_comuna","comuna_nombre","id_provincia") VALUES (190,'Maule',33);
INSERT INTO "comunas" ("id_comuna","comuna_nombre","id_provincia") VALUES (191,'Pelarco',33);
INSERT INTO "comunas" ("id_comuna","comuna_nombre","id_provincia") VALUES (192,'Pencahue',33);
INSERT INTO "comunas" ("id_comuna","comuna_nombre","id_provincia") VALUES (193,'Río Claro',33);
INSERT INTO "comunas" ("id_comuna","comuna_nombre","id_provincia") VALUES (194,'San Clemente',33);
INSERT INTO "comunas" ("id_comuna","comuna_nombre","id_provincia") VALUES (195,'San Rafael',33);
INSERT INTO "comunas" ("id_comuna","comuna_nombre","id_provincia") VALUES (196,'Talca',33);
INSERT INTO "comunas" ("id_comuna","comuna_nombre","id_provincia") VALUES (197,'Arauco',34);
INSERT INTO "comunas" ("id_comuna","comuna_nombre","id_provincia") VALUES (198,'Cañete',34);
INSERT INTO "comunas" ("id_comuna","comuna_nombre","id_provincia") VALUES (199,'Contulmo',34);
INSERT INTO "comunas" ("id_comuna","comuna_nombre","id_provincia") VALUES (200,'Curanilahue',34);
INSERT INTO "comunas" ("id_comuna","comuna_nombre","id_provincia") VALUES (201,'Lebu',34);
INSERT INTO "comunas" ("id_comuna","comuna_nombre","id_provincia") VALUES (202,'Los Álamos',34);
INSERT INTO "comunas" ("id_comuna","comuna_nombre","id_provincia") VALUES (203,'Tirúa',34);
INSERT INTO "comunas" ("id_comuna","comuna_nombre","id_provincia") VALUES (204,'Alto Biobío',35);
INSERT INTO "comunas" ("id_comuna","comuna_nombre","id_provincia") VALUES (205,'Antuco',35);
INSERT INTO "comunas" ("id_comuna","comuna_nombre","id_provincia") VALUES (206,'Cabrero',35);
INSERT INTO "comunas" ("id_comuna","comuna_nombre","id_provincia") VALUES (207,'Laja',35);
INSERT INTO "comunas" ("id_comuna","comuna_nombre","id_provincia") VALUES (208,'Los Ángeles',35);
INSERT INTO "comunas" ("id_comuna","comuna_nombre","id_provincia") VALUES (209,'Mulchén',35);
INSERT INTO "comunas" ("id_comuna","comuna_nombre","id_provincia") VALUES (210,'Nacimiento',35);
INSERT INTO "comunas" ("id_comuna","comuna_nombre","id_provincia") VALUES (211,'Negrete',35);
INSERT INTO "comunas" ("id_comuna","comuna_nombre","id_provincia") VALUES (212,'Quilaco',35);
INSERT INTO "comunas" ("id_comuna","comuna_nombre","id_provincia") VALUES (213,'Quilleco',35);
INSERT INTO "comunas" ("id_comuna","comuna_nombre","id_provincia") VALUES (214,'San Rosendo',35);
INSERT INTO "comunas" ("id_comuna","comuna_nombre","id_provincia") VALUES (215,'Santa Bárbara',35);
INSERT INTO "comunas" ("id_comuna","comuna_nombre","id_provincia") VALUES (216,'Tucapel',35);
INSERT INTO "comunas" ("id_comuna","comuna_nombre","id_provincia") VALUES (217,'Yumbel',35);
INSERT INTO "comunas" ("id_comuna","comuna_nombre","id_provincia") VALUES (218,'Chiguayante',36);
INSERT INTO "comunas" ("id_comuna","comuna_nombre","id_provincia") VALUES (219,'Concepción',36);
INSERT INTO "comunas" ("id_comuna","comuna_nombre","id_provincia") VALUES (220,'Coronel',36);
INSERT INTO "comunas" ("id_comuna","comuna_nombre","id_provincia") VALUES (221,'Florida',36);
INSERT INTO "comunas" ("id_comuna","comuna_nombre","id_provincia") VALUES (222,'Hualpén',36);
INSERT INTO "comunas" ("id_comuna","comuna_nombre","id_provincia") VALUES (223,'Hualqui',36);
INSERT INTO "comunas" ("id_comuna","comuna_nombre","id_provincia") VALUES (224,'Lota',36);
INSERT INTO "comunas" ("id_comuna","comuna_nombre","id_provincia") VALUES (225,'Penco',36);
INSERT INTO "comunas" ("id_comuna","comuna_nombre","id_provincia") VALUES (226,'San Pedro de La Paz',36);
INSERT INTO "comunas" ("id_comuna","comuna_nombre","id_provincia") VALUES (227,'Santa Juana',36);
INSERT INTO "comunas" ("id_comuna","comuna_nombre","id_provincia") VALUES (228,'Talcahuano',36);
INSERT INTO "comunas" ("id_comuna","comuna_nombre","id_provincia") VALUES (229,'Tomé',36);
INSERT INTO "comunas" ("id_comuna","comuna_nombre","id_provincia") VALUES (230,'Bulnes',37);
INSERT INTO "comunas" ("id_comuna","comuna_nombre","id_provincia") VALUES (231,'Chillán',37);
INSERT INTO "comunas" ("id_comuna","comuna_nombre","id_provincia") VALUES (232,'Chillán Viejo',37);
INSERT INTO "comunas" ("id_comuna","comuna_nombre","id_provincia") VALUES (233,'Cobquecura',37);
INSERT INTO "comunas" ("id_comuna","comuna_nombre","id_provincia") VALUES (234,'Coelemu',37);
INSERT INTO "comunas" ("id_comuna","comuna_nombre","id_provincia") VALUES (235,'Coihueco',37);
INSERT INTO "comunas" ("id_comuna","comuna_nombre","id_provincia") VALUES (236,'El Carmen',37);
INSERT INTO "comunas" ("id_comuna","comuna_nombre","id_provincia") VALUES (237,'Ninhue',37);
INSERT INTO "comunas" ("id_comuna","comuna_nombre","id_provincia") VALUES (238,'Ñiquen',37);
INSERT INTO "comunas" ("id_comuna","comuna_nombre","id_provincia") VALUES (239,'Pemuco',37);
INSERT INTO "comunas" ("id_comuna","comuna_nombre","id_provincia") VALUES (240,'Pinto',37);
INSERT INTO "comunas" ("id_comuna","comuna_nombre","id_provincia") VALUES (241,'Portezuelo',37);
INSERT INTO "comunas" ("id_comuna","comuna_nombre","id_provincia") VALUES (242,'Quillón',37);
INSERT INTO "comunas" ("id_comuna","comuna_nombre","id_provincia") VALUES (243,'Quirihue',37);
INSERT INTO "comunas" ("id_comuna","comuna_nombre","id_provincia") VALUES (244,'Ránquil',37);
INSERT INTO "comunas" ("id_comuna","comuna_nombre","id_provincia") VALUES (245,'San Carlos',37);
INSERT INTO "comunas" ("id_comuna","comuna_nombre","id_provincia") VALUES (246,'San Fabián',37);
INSERT INTO "comunas" ("id_comuna","comuna_nombre","id_provincia") VALUES (247,'San Ignacio',37);
INSERT INTO "comunas" ("id_comuna","comuna_nombre","id_provincia") VALUES (248,'San Nicolás',37);
INSERT INTO "comunas" ("id_comuna","comuna_nombre","id_provincia") VALUES (249,'Treguaco',37);
INSERT INTO "comunas" ("id_comuna","comuna_nombre","id_provincia") VALUES (250,'Yungay',37);
INSERT INTO "comunas" ("id_comuna","comuna_nombre","id_provincia") VALUES (251,'Carahue',38);
INSERT INTO "comunas" ("id_comuna","comuna_nombre","id_provincia") VALUES (252,'Cholchol',38);
INSERT INTO "comunas" ("id_comuna","comuna_nombre","id_provincia") VALUES (253,'Cunco',38);
INSERT INTO "comunas" ("id_comuna","comuna_nombre","id_provincia") VALUES (254,'Curarrehue',38);
INSERT INTO "comunas" ("id_comuna","comuna_nombre","id_provincia") VALUES (255,'Freire',38);
INSERT INTO "comunas" ("id_comuna","comuna_nombre","id_provincia") VALUES (256,'Galvarino',38);
INSERT INTO "comunas" ("id_comuna","comuna_nombre","id_provincia") VALUES (257,'Gorbea',38);
INSERT INTO "comunas" ("id_comuna","comuna_nombre","id_provincia") VALUES (258,'Lautaro',38);
INSERT INTO "comunas" ("id_comuna","comuna_nombre","id_provincia") VALUES (259,'Loncoche',38);
INSERT INTO "comunas" ("id_comuna","comuna_nombre","id_provincia") VALUES (260,'Melipeuco',38);
INSERT INTO "comunas" ("id_comuna","comuna_nombre","id_provincia") VALUES (261,'Nueva Imperial',38);
INSERT INTO "comunas" ("id_comuna","comuna_nombre","id_provincia") VALUES (262,'Padre Las Casas',38);
INSERT INTO "comunas" ("id_comuna","comuna_nombre","id_provincia") VALUES (263,'Perquenco',38);
INSERT INTO "comunas" ("id_comuna","comuna_nombre","id_provincia") VALUES (264,'Pitrufquén',38);
INSERT INTO "comunas" ("id_comuna","comuna_nombre","id_provincia") VALUES (265,'Pucón',38);
INSERT INTO "comunas" ("id_comuna","comuna_nombre","id_provincia") VALUES (266,'Saavedra',38);
INSERT INTO "comunas" ("id_comuna","comuna_nombre","id_provincia") VALUES (267,'Temuco',38);
INSERT INTO "comunas" ("id_comuna","comuna_nombre","id_provincia") VALUES (268,'Teodoro Schmidt',38);
INSERT INTO "comunas" ("id_comuna","comuna_nombre","id_provincia") VALUES (269,'Toltén',38);
INSERT INTO "comunas" ("id_comuna","comuna_nombre","id_provincia") VALUES (270,'Vilcún',38);
INSERT INTO "comunas" ("id_comuna","comuna_nombre","id_provincia") VALUES (271,'Villarrica',38);
INSERT INTO "comunas" ("id_comuna","comuna_nombre","id_provincia") VALUES (272,'Angol',39);
INSERT INTO "comunas" ("id_comuna","comuna_nombre","id_provincia") VALUES (273,'Collipulli',39);
INSERT INTO "comunas" ("id_comuna","comuna_nombre","id_provincia") VALUES (274,'Curacautín',39);
INSERT INTO "comunas" ("id_comuna","comuna_nombre","id_provincia") VALUES (275,'Ercilla',39);
INSERT INTO "comunas" ("id_comuna","comuna_nombre","id_provincia") VALUES (276,'Lonquimay',39);
INSERT INTO "comunas" ("id_comuna","comuna_nombre","id_provincia") VALUES (277,'Los Sauces',39);
INSERT INTO "comunas" ("id_comuna","comuna_nombre","id_provincia") VALUES (278,'Lumaco',39);
INSERT INTO "comunas" ("id_comuna","comuna_nombre","id_provincia") VALUES (279,'Purén',39);
INSERT INTO "comunas" ("id_comuna","comuna_nombre","id_provincia") VALUES (280,'Renaico',39);
INSERT INTO "comunas" ("id_comuna","comuna_nombre","id_provincia") VALUES (281,'Traiguén',39);
INSERT INTO "comunas" ("id_comuna","comuna_nombre","id_provincia") VALUES (282,'Victoria',39);
INSERT INTO "comunas" ("id_comuna","comuna_nombre","id_provincia") VALUES (283,'Corral',40);
INSERT INTO "comunas" ("id_comuna","comuna_nombre","id_provincia") VALUES (284,'Lanco',40);
INSERT INTO "comunas" ("id_comuna","comuna_nombre","id_provincia") VALUES (285,'Los Lagos',40);
INSERT INTO "comunas" ("id_comuna","comuna_nombre","id_provincia") VALUES (286,'Máfil',40);
INSERT INTO "comunas" ("id_comuna","comuna_nombre","id_provincia") VALUES (287,'Mariquina',40);
INSERT INTO "comunas" ("id_comuna","comuna_nombre","id_provincia") VALUES (288,'Paillaco',40);
INSERT INTO "comunas" ("id_comuna","comuna_nombre","id_provincia") VALUES (289,'Panguipulli',40);
INSERT INTO "comunas" ("id_comuna","comuna_nombre","id_provincia") VALUES (290,'Valdivia',40);
INSERT INTO "comunas" ("id_comuna","comuna_nombre","id_provincia") VALUES (291,'Futrono',41);
INSERT INTO "comunas" ("id_comuna","comuna_nombre","id_provincia") VALUES (292,'La Unión',41);
INSERT INTO "comunas" ("id_comuna","comuna_nombre","id_provincia") VALUES (293,'Lago Ranco',41);
INSERT INTO "comunas" ("id_comuna","comuna_nombre","id_provincia") VALUES (294,'Río Bueno',41);
INSERT INTO "comunas" ("id_comuna","comuna_nombre","id_provincia") VALUES (295,'Ancud',42);
INSERT INTO "comunas" ("id_comuna","comuna_nombre","id_provincia") VALUES (296,'Castro',42);
INSERT INTO "comunas" ("id_comuna","comuna_nombre","id_provincia") VALUES (297,'Chonchi',42);
INSERT INTO "comunas" ("id_comuna","comuna_nombre","id_provincia") VALUES (298,'Curaco de Vélez',42);
INSERT INTO "comunas" ("id_comuna","comuna_nombre","id_provincia") VALUES (299,'Dalcahue',42);
INSERT INTO "comunas" ("id_comuna","comuna_nombre","id_provincia") VALUES (300,'Puqueldón',42);
INSERT INTO "comunas" ("id_comuna","comuna_nombre","id_provincia") VALUES (301,'Queilén',42);
INSERT INTO "comunas" ("id_comuna","comuna_nombre","id_provincia") VALUES (302,'Quemchi',42);
INSERT INTO "comunas" ("id_comuna","comuna_nombre","id_provincia") VALUES (303,'Quellón',42);
INSERT INTO "comunas" ("id_comuna","comuna_nombre","id_provincia") VALUES (304,'Quinchao',42);
INSERT INTO "comunas" ("id_comuna","comuna_nombre","id_provincia") VALUES (305,'Calbuco',43);
INSERT INTO "comunas" ("id_comuna","comuna_nombre","id_provincia") VALUES (306,'Cochamó',43);
INSERT INTO "comunas" ("id_comuna","comuna_nombre","id_provincia") VALUES (307,'Fresia',43);
INSERT INTO "comunas" ("id_comuna","comuna_nombre","id_provincia") VALUES (308,'Frutillar',43);
INSERT INTO "comunas" ("id_comuna","comuna_nombre","id_provincia") VALUES (309,'Llanquihue',43);
INSERT INTO "comunas" ("id_comuna","comuna_nombre","id_provincia") VALUES (310,'Los Muermos',43);
INSERT INTO "comunas" ("id_comuna","comuna_nombre","id_provincia") VALUES (311,'Maullín',43);
INSERT INTO "comunas" ("id_comuna","comuna_nombre","id_provincia") VALUES (312,'Puerto Montt',43);
INSERT INTO "comunas" ("id_comuna","comuna_nombre","id_provincia") VALUES (313,'Puerto Varas',43);
INSERT INTO "comunas" ("id_comuna","comuna_nombre","id_provincia") VALUES (314,'Osorno',44);
INSERT INTO "comunas" ("id_comuna","comuna_nombre","id_provincia") VALUES (315,'Puero Octay',44);
INSERT INTO "comunas" ("id_comuna","comuna_nombre","id_provincia") VALUES (316,'Purranque',44);
INSERT INTO "comunas" ("id_comuna","comuna_nombre","id_provincia") VALUES (317,'Puyehue',44);
INSERT INTO "comunas" ("id_comuna","comuna_nombre","id_provincia") VALUES (318,'Río Negro',44);
INSERT INTO "comunas" ("id_comuna","comuna_nombre","id_provincia") VALUES (319,'San Juan de la Costa',44);
INSERT INTO "comunas" ("id_comuna","comuna_nombre","id_provincia") VALUES (320,'San Pablo',44);
INSERT INTO "comunas" ("id_comuna","comuna_nombre","id_provincia") VALUES (321,'Chaitén',45);
INSERT INTO "comunas" ("id_comuna","comuna_nombre","id_provincia") VALUES (322,'Futaleufú',45);
INSERT INTO "comunas" ("id_comuna","comuna_nombre","id_provincia") VALUES (323,'Hualaihué',45);
INSERT INTO "comunas" ("id_comuna","comuna_nombre","id_provincia") VALUES (324,'Palena',45);
INSERT INTO "comunas" ("id_comuna","comuna_nombre","id_provincia") VALUES (325,'Aisén',46);
INSERT INTO "comunas" ("id_comuna","comuna_nombre","id_provincia") VALUES (326,'Cisnes',46);
INSERT INTO "comunas" ("id_comuna","comuna_nombre","id_provincia") VALUES (327,'Guaitecas',46);
INSERT INTO "comunas" ("id_comuna","comuna_nombre","id_provincia") VALUES (328,'Cochrane',47);
INSERT INTO "comunas" ("id_comuna","comuna_nombre","id_provincia") VALUES (329,'Ohiggins',47);
INSERT INTO "comunas" ("id_comuna","comuna_nombre","id_provincia") VALUES (330,'Tortel',47);
INSERT INTO "comunas" ("id_comuna","comuna_nombre","id_provincia") VALUES (331,'Coihaique',48);
INSERT INTO "comunas" ("id_comuna","comuna_nombre","id_provincia") VALUES (332,'Lago Verde',48);
INSERT INTO "comunas" ("id_comuna","comuna_nombre","id_provincia") VALUES (333,'Chile Chico',49);
INSERT INTO "comunas" ("id_comuna","comuna_nombre","id_provincia") VALUES (334,'Río Ibáñez',49);
INSERT INTO "comunas" ("id_comuna","comuna_nombre","id_provincia") VALUES (335,'Antártica',50);
INSERT INTO "comunas" ("id_comuna","comuna_nombre","id_provincia") VALUES (336,'Cabo de Hornos',50);
INSERT INTO "comunas" ("id_comuna","comuna_nombre","id_provincia") VALUES (337,'Laguna Blanca',51);
INSERT INTO "comunas" ("id_comuna","comuna_nombre","id_provincia") VALUES (338,'Punta Arenas',51);
INSERT INTO "comunas" ("id_comuna","comuna_nombre","id_provincia") VALUES (339,'Río Verde',51);
INSERT INTO "comunas" ("id_comuna","comuna_nombre","id_provincia") VALUES (340,'San Gregorio',51);
INSERT INTO "comunas" ("id_comuna","comuna_nombre","id_provincia") VALUES (341,'Porvenir',52);
INSERT INTO "comunas" ("id_comuna","comuna_nombre","id_provincia") VALUES (342,'Primavera',52);
INSERT INTO "comunas" ("id_comuna","comuna_nombre","id_provincia") VALUES (343,'Timaukel',52);
INSERT INTO "comunas" ("id_comuna","comuna_nombre","id_provincia") VALUES (344,'Natales',53);
INSERT INTO "comunas" ("id_comuna","comuna_nombre","id_provincia") VALUES (345,'Torres del Paine',53);





